date,away_team,home_team,espn_game_id,kickoff,quote_time,traded_team,espn_probability,kalshi_yes_ask,edge,bet_size,winning_team,won,pnl,side,ticker
2025-09-04,DAL,PHI,401772510,2025-09-05T00:20Z,2025-09-05T00:20:00+00:00,DAL,0.36650000000000005,0.22,0.14650000000000005,20,PHI,False,-20,AWAY,KXNFLGAME-25SEP04DALPHI-DAL
2025-09-07,BAL,BUF,401772918,2025-09-08T00:20Z,2025-09-08T00:20:00+00:00,BUF,0.5581,0.49,0.06810000000000005,14,BUF,True,14.571428571428573,HOME,KXNFLGAME-25SEP07BALBUF-BUF
2025-09-07,CAR,JAC,401772828,2025-09-07T17:00Z,2025-09-07T17:00:00+00:00,,0.368,0.33,0.03799999999999998,0.0,JAC,,0.0,AWAY,KXNFLGAME-25SEP07CARJAC-CAR
2025-09-07,CIN,CLE,401772829,2025-09-07T17:00Z,2025-09-07T17:00:00+00:00,,0.3343,0.33,0.0042999999999999705,0.0,CIN,,0.0,HOME,KXNFLGAME-25SEP07CINCLE-CLE
2025-09-07,MIA,IND,401772719,2025-09-07T17:00Z,2025-09-07T17:00:00+00:00,,0.5507,0.53,0.02069999999999994,0.0,IND,,0.0,HOME,KXNFLGAME-25SEP07MIAIND-IND
2025-09-07,NYG,WAS,401772827,2025-09-07T17:00Z,2025-09-07T17:00:00+00:00,,0.3126,0.29,0.02260000000000001,0.0,WAS,,0.0,AWAY,KXNFLGAME-25SEP07NYGWAS-NYG
2025-09-07,PIT,NYJ,401772721,2025-09-07T17:00Z,2025-09-07T17:00:00+00:00,,0.446,0.4,0.045999999999999985,0.0,PIT,,0.0,HOME,KXNFLGAME-25SEP07PITNYJ-NYJ
2025-09-07,TEN,DEN,401772832,2025-09-07T20:05Z,2025-09-07T20:05:00+00:00,TEN,0.3499,0.2,0.14989999999999998,20,DEN,False,-20,AWAY,KXNFLGAME-25SEP07TENDEN-TEN
2025-09-08,MIN,CHI,401772810,2025-09-09T00:15Z,2025-09-09T00:15:00+00:00,,0.5023,0.51,-0.00770000000000004,0.0,MIN,,0.0,HOME,KXNFLGAME-25SEP08MINCHI-CHI
2025-09-14,ATL,MIN,401772919,2025-09-15T00:20Z,2025-09-15T00:20:00+00:00,,0.6114,0.62,-0.008599999999999941,0.0,ATL,,0.0,HOME,KXNFLGAME-25SEP14ATLMIN-MIN
2025-09-14,BUF,NYJ,401772727,2025-09-14T17:00Z,2025-09-14T17:00:00+00:00,NYJ,0.383,0.3,0.08300000000000002,17,BUF,False,-17,HOME,KXNFLGAME-25SEP14BUFNYJ-NYJ
2025-09-14,CAR,ARI,401772730,2025-09-14T20:05Z,2025-09-14T20:05:00+00:00,CAR,0.3609,0.25,0.1109,20,ARI,False,-20,AWAY,KXNFLGAME-25SEP14CARARI-CAR
2025-09-14,CHI,DET,401772835,2025-09-14T17:00Z,2025-09-14T17:00:00+00:00,CHI,0.3456,0.29,0.05560000000000004,11,DET,False,-11,AWAY,KXNFLGAME-25SEP14CHIDET-CHI
2025-09-14,CLE,BAL,401772726,2025-09-14T17:00Z,2025-09-14T17:00:00+00:00,CLE,0.21240000000000003,0.13,0.08240000000000003,16,BAL,False,-16,AWAY,KXNFLGAME-25SEP14CLEBAL-CLE
2025-09-14,DEN,IND,401772729,2025-09-14T20:05Z,2025-09-14T20:05:00+00:00,IND,0.5359,0.48,0.05590000000000006,11,IND,True,11.916666666666668,HOME,KXNFLGAME-25SEP14DENIND-IND
2025-09-14,JAC,CIN,401772725,2025-09-14T17:00Z,2025-09-14T17:00:00+00:00,JAC,0.4242,0.36,0.06420000000000003,13,CIN,False,-13,AWAY,KXNFLGAME-25SEP14JACCIN-JAC
2025-09-14,NYG,DAL,401772834,2025-09-14T17:00Z,2025-09-14T17:00:00+00:00,,0.35119999999999996,0.32,0.03119999999999995,0.0,DAL,,0.0,AWAY,KXNFLGAME-25SEP14NYGDAL-NYG
2025-09-14,SEA,PIT,401772836,2025-09-14T17:00Z,2025-09-14T17:00:00+00:00,SEA,0.4174,0.36,0.05740000000000001,11,SEA,True,19.555555555555557,AWAY,KXNFLGAME-25SEP14SEAPIT-SEA
2025-09-18,MIA,BUF,401772937,2025-09-19T00:15Z,2025-09-19T00:15:00+00:00,MIA,0.2693,0.15,0.11929999999999999,20,BUF,False,-20,AWAY,KXNFLGAME-25SEP18MIABUF-MIA
2025-09-21,ATL,CAR,401772838,2025-09-21T17:00Z,2025-09-21T17:00:00+00:00,CAR,0.4058,0.34,0.06579999999999997,13,CAR,True,25.235294117647054,HOME,KXNFLGAME-25SEP21ATLCAR-CAR
2025-09-21,CIN,MIN,401772731,2025-09-21T17:00Z,2025-09-21T17:00:00+00:00,,0.4115,0.37,0.04149999999999998,0.0,MIN,,0.0,AWAY,KXNFLGAME-25SEP21CINMIN-CIN
2025-09-21,DAL,CHI,401772844,2025-09-21T20:25Z,2025-09-21T20:25:00+00:00,,0.5503,0.53,0.020299999999999985,0.0,CHI,,0.0,AWAY,KXNFLGAME-25SEP21DALCHI-DAL
2025-09-21,DEN,LAC,401772735,2025-09-21T20:05Z,2025-09-21T20:05:00+00:00,,0.5923,0.58,0.012300000000000089,0.0,LAC,,0.0,HOME,KXNFLGAME-25SEP21DENLAC-LAC
2025-09-21,HOU,JAC,401772734,2025-09-21T17:00Z,2025-09-21T17:00:00+00:00,,0.49450000000000005,0.48,0.014500000000000068,0.0,JAC,,0.0,AWAY,KXNFLGAME-25SEP21HOUJAC-HOU
2025-09-21,IND,TEN,401772733,2025-09-21T17:00Z,2025-09-21T17:00:00+00:00,TEN,0.3721,0.29,0.0821,16,IND,False,-16,HOME,KXNFLGAME-25SEP21INDTEN-TEN
2025-09-22,DET,BAL,401772812,2025-09-23T00:15Z,2025-09-23T00:15:00+00:00,DET,0.45509999999999995,0.32,0.13509999999999994,20,DET,True,42.49999999999999,AWAY,KXNFLGAME-25SEP22DETBAL-DET
2025-09-25,SEA,ARI,401772938,2025-09-26T00:15Z,2025-09-26T00:15:00+00:00,ARI,0.5402,0.48,0.06020000000000003,12,SEA,False,-12,HOME,KXNFLGAME-25SEP25SEAARI-ARI
2025-09-28,CLE,DET,401772846,2025-09-28T17:00Z,2025-09-28T17:00:00+00:00,,0.19910000000000005,0.18,0.01910000000000006,0.0,DET,,0.0,AWAY,KXNFLGAME-25SEP28CLEDET-CLE
2025-09-28,LAC,NYG,401772737,2025-09-28T17:00Z,2025-09-28T17:00:00+00:00,LAC,0.7697,0.71,0.059700000000000086,12,NYG,False,-12,AWAY,KXNFLGAME-25SEP28LACNYG-LAC
2025-09-28,MIN,PIT,401772632,2025-09-28T13:30Z,2025-09-28T13:30:00+00:00,,0.4276,0.43,-0.0024000000000000132,0.0,PIT,,0.0,HOME,KXNFLGAME-25SEP28MINPIT-PIT
2025-09-28,TEN,HOU,401772738,2025-09-28T17:00Z,2025-09-28T17:00:00+00:00,TEN,0.3236,0.23,0.09359999999999999,19,HOU,False,-19,AWAY,KXNFLGAME-25SEP28TENHOU-TEN
2025-09-28,WAS,ATL,401772739,2025-09-28T17:00Z,2025-09-28T17:00:00+00:00,WAS,0.5236000000000001,0.42,0.10360000000000008,20,ATL,False,-20,AWAY,KXNFLGAME-25SEP28WASATL-WAS
2025-09-29,CIN,DEN,401772716,2025-09-30T00:15Z,2025-09-30T00:15:00+00:00,CIN,0.3015,0.22,0.08149999999999999,16,DEN,False,-16,AWAY,KXNFLGAME-25SEP29CINDEN-CIN
2025-09-29,NYJ,MIA,401772813,2025-09-29T23:15Z,2025-09-29T23:15:00+00:00,,0.41459999999999997,0.42,-0.005400000000000016,0.0,MIA,,0.0,AWAY,KXNFLGAME-25SEP29NYJMIA-NYJ
2025-10-05,DAL,NYJ,401772850,2025-10-05T17:00Z,2025-10-05T17:00:00+00:00,DAL,0.5684,0.48,0.08840000000000003,18,DAL,True,19.5,AWAY,KXNFLGAME-25OCT05DALNYJ-DAL
2025-10-05,DEN,PHI,401772745,2025-10-05T17:00Z,2025-10-05T17:00:00+00:00,DEN,0.4215,0.33,0.09149999999999997,18,DEN,True,36.54545454545454,AWAY,KXNFLGAME-25OCT05DENPHI-DEN
2025-10-05,DET,CIN,401772854,2025-10-05T20:25Z,2025-10-05T20:25:00+00:00,,0.2054,0.2,0.005399999999999988,0.0,DET,,0.0,HOME,KXNFLGAME-25OCT05DETCIN-CIN
2025-10-05,HOU,BAL,401772743,2025-10-05T17:00Z,2025-10-05T17:00:00+00:00,,0.4986,0.45,0.04859999999999998,0.0,HOU,,0.0,HOME,KXNFLGAME-25OCT05HOUBAL-BAL
2025-10-05,MIA,CAR,401772852,2025-10-05T17:00Z,2025-10-05T17:00:00+00:00,,0.4872,0.49,-0.002799999999999969,0.0,CAR,,0.0,HOME,KXNFLGAME-25OCT05MIACAR-CAR
2025-10-05,MIN,CLE,401772633,2025-10-05T13:30Z,2025-10-05T13:30:00+00:00,,0.6502,0.64,0.010199999999999987,0.0,MIN,,0.0,AWAY,KXNFLGAME-25OCT05MINCLE-MIN
2025-10-05,TEN,ARI,401772747,2025-10-05T20:05Z,2025-10-05T20:05:00+00:00,,0.24780000000000002,0.22,0.02780000000000002,0.0,TEN,,0.0,AWAY,KXNFLGAME-25OCT05TENARI-TEN
2025-10-05,WAS,LAC,401772853,2025-10-05T20:25Z,2025-10-05T20:25:00+00:00,WAS,0.44989999999999997,0.39,0.05989999999999995,12,WAS,True,18.769230769230766,AWAY,KXNFLGAME-25OCT05WASLAC-WAS
2025-10-09,PHI,NYG,401772940,2025-10-10T00:15Z,2025-10-10T00:15:00+00:00,,0.228,0.23,-0.0020000000000000018,0.0,NYG,,0.0,HOME,KXNFLGAME-25OCT09PHINYG-NYG
2025-10-12,ARI,IND,401772856,2025-10-12T17:00Z,2025-10-12T17:00:00+00:00,,0.24470000000000003,0.22,0.024700000000000027,0.0,IND,,0.0,AWAY,KXNFLGAME-25OCT12ARIIND-ARI
2025-10-12,CLE,PIT,401772748,2025-10-12T17:00Z,2025-10-12T17:00:00+00:00,CLE,0.34650000000000003,0.27,0.07650000000000001,15,PIT,False,-15,AWAY,KXNFLGAME-25OCT12CLEPIT-CLE
2025-10-12,DAL,CAR,401772858,2025-10-12T17:00Z,2025-10-12T17:00:00+00:00,,0.6355999999999999,0.6,0.035599999999999965,0.0,CAR,,0.0,AWAY,KXNFLGAME-25OCT12DALCAR-DAL
2025-10-12,DEN,NYJ,401772634,2025-10-12T13:30Z,2025-10-12T13:30:00+00:00,,0.2774,0.26,0.01739999999999997,0.0,DEN,,0.0,HOME,KXNFLGAME-25OCT12DENNYJ-NYJ
2025-10-12,LAC,MIA,401772750,2025-10-12T17:00Z,2025-10-12T17:00:00+00:00,MIA,0.4334,0.38,0.0534,11,LAC,False,-11,HOME,KXNFLGAME-25OCT12LACMIA-MIA
2025-10-12,SEA,JAC,401772857,2025-10-12T17:00Z,2025-10-12T17:00:00+00:00,,0.5123,0.5,0.012299999999999978,0.0,SEA,,0.0,HOME,KXNFLGAME-25OCT12SEAJAC-JAC
2025-10-13,BUF,ATL,401772815,2025-10-13T23:15Z,2025-10-13T23:15:00+00:00,ATL,0.4154,0.36,0.055400000000000005,11,ATL,True,19.555555555555557,HOME,KXNFLGAME-25OCT13BUFATL-ATL
2025-10-13,CHI,WAS,401772717,2025-10-14T00:15Z,2025-10-14T00:15:00+00:00,CHI,0.365,0.31,0.05499999999999999,11,CHI,True,24.483870967741932,AWAY,KXNFLGAME-25OCT13CHIWAS-CHI
2025-10-16,PIT,CIN,401772941,2025-10-17T00:15Z,2025-10-17T00:15:00+00:00,,0.3322,0.33,0.0021999999999999797,0.0,CIN,,0.0,HOME,KXNFLGAME-25OCT16PITCIN-CIN
2025-10-19,CAR,NYJ,401772860,2025-10-19T17:00Z,2025-10-19T17:00:00+00:00,,0.5259,0.51,0.015900000000000025,0.0,CAR,,0.0,HOME,KXNFLGAME-25OCT19CARNYJ-NYJ
2025-10-19,IND,LAC,401772756,2025-10-19T20:05Z,2025-10-19T20:05:00+00:00,IND,0.5077,0.44,0.06770000000000004,14,IND,True,17.81818181818182,AWAY,KXNFLGAME-25OCT19INDLAC-IND
2025-10-19,MIA,CLE,401772754,2025-10-19T17:00Z,2025-10-19T17:00:00+00:00,MIA,0.5408999999999999,0.44,0.10089999999999993,20,CLE,False,-20,AWAY,KXNFLGAME-25OCT19MIACLE-MIA
2025-10-19,NYG,DEN,401772757,2025-10-19T20:05Z,2025-10-19T20:05:00+00:00,NYG,0.36519999999999997,0.23,0.13519999999999996,20,DEN,False,-20,AWAY,KXNFLGAME-25OCT19NYGDEN-NYG
2025-10-19,PHI,MIN,401772862,2025-10-19T17:00Z,2025-10-19T17:00:00+00:00,MIN,0.5117,0.44,0.07170000000000004,14,PHI,False,-14,HOME,KXNFLGAME-25OCT19PHIMIN-MIN
2025-10-19,WAS,DAL,401772864,2025-10-19T20:25Z,2025-10-19T20:25:00+00:00,,0.48929999999999996,0.48,0.009299999999999975,0.0,DAL,,0.0,AWAY,KXNFLGAME-25OCT19WASDAL-WAS
2025-10-20,HOU,SEA,401772826,2025-10-21T02:00Z,2025-10-21T02:00:00+00:00,HOU,0.4555,0.39,0.0655,13,SEA,False,-13,AWAY,KXNFLGAME-25OCT20HOUSEA-HOU
2025-10-23,MIN,LAC,401772942,2025-10-24T00:15Z,2025-10-24T00:15:00+00:00,MIN,0.49750000000000005,0.39,0.10750000000000004,20,LAC,False,-20,AWAY,KXNFLGAME-25OCT23MINLAC-MIN
2025-10-26,BUF,CAR,401772865,2025-10-26T17:00Z,2025-10-26T17:00:00+00:00,CAR,0.4728,0.24,0.2328,20,BUF,False,-20,HOME,KXNFLGAME-25OCT26BUFCAR-CAR
2025-10-26,CHI,BAL,401772759,2025-10-26T17:00Z,2025-10-26T17:00:00+00:00,CHI,0.5327,0.43,0.10269999999999996,20,BAL,False,-20,AWAY,KXNFLGAME-25OCT26CHIBAL-CHI
2025-10-26,DAL,DEN,401772762,2025-10-26T20:25Z,2025-10-26T20:25:00+00:00,DAL,0.42169999999999996,0.36,0.06169999999999998,12,DEN,False,-12,AWAY,KXNFLGAME-25OCT26DALDEN-DAL
2025-10-26,MIA,ATL,401772760,2025-10-26T17:00Z,2025-10-26T17:00:00+00:00,MIA,0.37029999999999996,0.27,0.10029999999999994,20,MIA,True,54.074074074074076,AWAY,KXNFLGAME-25OCT26MIAATL-MIA
2025-10-26,NYG,PHI,401772867,2025-10-26T17:00Z,2025-10-26T17:00:00+00:00,NYG,0.3234,0.24,0.08340000000000003,17,PHI,False,-17,AWAY,KXNFLGAME-25OCT26NYGPHI-NYG
2025-10-26,NYJ,CIN,401772758,2025-10-26T17:00Z,2025-10-26T17:00:00+00:00,NYJ,0.41080000000000005,0.32,0.09080000000000005,18,NYJ,True,38.25,AWAY,KXNFLGAME-25OCT26NYJCIN-NYJ
2025-10-26,TEN,IND,401772761,2025-10-26T20:25Z,2025-10-26T20:25:00+00:00,TEN,0.15349999999999997,0.1,0.053499999999999964,11,IND,False,-11,AWAY,KXNFLGAME-25OCT26TENIND-TEN
2025-10-30,BAL,MIA,401772943,2025-10-31T00:15Z,2025-10-31T00:15:00+00:00,MIA,0.4182,0.23,0.1882,20,BAL,False,-20,HOME,KXNFLGAME-25OCT30BALMIA-MIA
2025-11-02,CHI,CIN,401772765,2025-11-02T18:00Z,2025-11-02T18:00:00+00:00,CIN,0.6333,0.42,0.2133,20,CHI,False,-20,HOME,KXNFLGAME-25NOV02CHICIN-CIN
2025-11-02,DEN,HOU,401772870,2025-11-02T18:00Z,2025-11-02T18:00:00+00:00,,0.4748,0.45,0.02479999999999999,0.0,DEN,,0.0,AWAY,KXNFLGAME-25NOV02DENHOU-DEN
2025-11-02,IND,PIT,401772766,2025-11-02T18:00Z,2025-11-02T18:00:00+00:00,,0.4424,0.4,0.04239999999999999,0.0,PIT,,0.0,HOME,KXNFLGAME-25NOV02INDPIT-PIT
2025-11-02,LAC,TEN,401772764,2025-11-02T18:00Z,2025-11-02T18:00:00+00:00,TEN,0.2633,0.19,0.07329999999999998,15,LAC,False,-15,HOME,KXNFLGAME-25NOV02LACTEN-TEN
2025-11-02,MIN,DET,401772871,2025-11-02T18:00Z,2025-11-02T18:00:00+00:00,,0.22809999999999997,0.2,0.02809999999999996,0.0,MIN,,0.0,AWAY,KXNFLGAME-25NOV02MINDET-MIN
2025-11-02,SEA,WAS,401772926,2025-11-03T01:20Z,2025-11-03T01:20:00+00:00,WAS,0.5726,0.43,0.1426,20,SEA,False,-20,HOME,KXNFLGAME-25NOV02SEAWAS-WAS
2025-11-03,ARI,DAL,401772818,2025-11-04T01:15Z,2025-11-04T01:15:00+00:00,DAL,0.6929,0.64,0.05289999999999995,11,ARI,False,-11,HOME,KXNFLGAME-25NOV03ARIDAL-DAL
2025-11-09,ARI,SEA,401772773,2025-11-09T21:05Z,2025-11-09T21:05:00+00:00,ARI,0.3234,0.25,0.07340000000000002,15,SEA,False,-15,AWAY,KXNFLGAME-25NOV09ARISEA-ARI
2025-11-09,ATL,IND,401772636,2025-11-09T14:30Z,2025-11-09T14:30:00+00:00,,0.2861,0.29,-0.003899999999999959,0.0,IND,,0.0,AWAY,KXNFLGAME-25NOV09ATLIND-ATL
2025-11-09,BAL,MIN,401772876,2025-11-09T18:00Z,2025-11-09T18:00:00+00:00,,0.3516,0.33,0.021600000000000008,0.0,BAL,,0.0,HOME,KXNFLGAME-25NOV09BALMIN-MIN
2025-11-09,BUF,MIA,401772771,2025-11-09T18:00Z,2025-11-09T18:00:00+00:00,MIA,0.343,0.23,0.11300000000000002,20,MIA,True,66.95652173913044,HOME,KXNFLGAME-25NOV09BUFMIA-MIA
2025-11-09,CLE,NYJ,401772769,2025-11-09T18:00Z,2025-11-09T18:00:00+00:00,NYJ,0.6391,0.46,0.17909999999999998,20,NYJ,True,23.47826086956522,HOME,KXNFLGAME-25NOV09CLENYJ-NYJ
2025-11-09,DET,WAS,401772878,2025-11-09T21:25Z,2025-11-09T21:25:00+00:00,WAS,0.3619,0.22,0.1419,20,DET,False,-20,HOME,KXNFLGAME-25NOV09DETWAS-WAS
2025-11-09,JAC,HOU,401772770,2025-11-09T18:00Z,2025-11-09T18:00:00+00:00,,0.5285,0.48,0.04849999999999999,0.0,HOU,,0.0,AWAY,KXNFLGAME-25NOV09JACHOU-JAC
2025-11-09,NYG,CHI,401772875,2025-11-09T18:00Z,2025-11-09T18:00:00+00:00,NYG,0.45220000000000005,0.34,0.11220000000000002,20,CHI,False,-20,AWAY,KXNFLGAME-25NOV09NYGCHI-NYG
2025-11-09,PIT,LAC,401772927,2025-11-10T01:20Z,2025-11-10T01:20:00+00:00,PIT,0.4184,0.36,0.05840000000000001,12,LAC,False,-12,AWAY,KXNFLGAME-25NOV09PITLAC-PIT
2025-11-16,BAL,CLE,401772777,2025-11-16T21:25Z,2025-11-16T21:25:00+00:00,,0.2288,0.22,0.008800000000000002,0.0,BAL,,0.0,HOME,KXNFLGAME-25NOV16BALCLE-CLE
2025-11-16,CAR,ATL,401772882,2025-11-16T18:00Z,2025-11-16T18:00:00+00:00,,0.3841,0.34,0.04409999999999997,0.0,CAR,,0.0,AWAY,KXNFLGAME-25NOV16CARATL-CAR
2025-11-16,CHI,MIN,401772880,2025-11-16T18:00Z,2025-11-16T18:00:00+00:00,CHI,0.47629999999999995,0.42,0.05629999999999996,11,CHI,True,15.190476190476192,AWAY,KXNFLGAME-25NOV16CHIMIN-CHI
2025-11-16,CIN,PIT,401772774,2025-11-16T18:00Z,2025-11-16T18:00:00+00:00,CIN,0.39780000000000004,0.31,0.08780000000000004,18,PIT,False,-18,AWAY,KXNFLGAME-25NOV16CINPIT-CIN
2025-11-16,DET,PHI,401772928,2025-11-17T01:20Z,2025-11-17T01:20:00+00:00,,0.4615,0.44,0.02150000000000002,0.0,PHI,,0.0,AWAY,KXNFLGAME-25NOV16DETPHI-DET
2025-11-16,HOU,TEN,401772881,2025-11-16T18:00Z,2025-11-16T18:00:00+00:00,,0.3562,0.31,0.04620000000000002,0.0,HOU,,0.0,HOME,KXNFLGAME-25NOV16HOUTEN-TEN
2025-11-16,LAC,JAC,401772775,2025-11-16T18:00Z,2025-11-16T18:00:00+00:00,,0.5973999999999999,0.59,0.007399999999999962,0.0,JAC,,0.0,AWAY,KXNFLGAME-25NOV16LACJAC-LAC
2025-11-16,WAS,MIA,401772631,2025-11-16T14:30Z,2025-11-16T14:30:00+00:00,,0.49429999999999996,0.45,0.04429999999999995,0.0,MIA,,0.0,AWAY,KXNFLGAME-25NOV16WASMIA-WAS
2025-11-20,BUF,HOU,401772946,2025-11-21T01:15Z,2025-11-21T01:15:00+00:00,HOU,0.3771,0.32,0.057099999999999984,11,HOU,True,23.374999999999996,HOME,KXNFLGAME-25NOV20BUFHOU-HOU
2025-11-23,JAC,ARI,401772783,2025-11-23T21:05Z,2025-11-23T21:05:00+00:00,,0.4859,0.45,0.03589999999999999,0.0,JAC,,0.0,HOME,KXNFLGAME-25NOV23JACARI-ARI
2025-11-23,NYG,DET,401772888,2025-11-23T18:00Z,2025-11-23T18:00:00+00:00,NYG,0.2974,0.11,0.1874,20,DET,False,-20,AWAY,KXNFLGAME-25NOV23NYGDET-NYG
2025-11-23,NYJ,BAL,401772782,2025-11-23T18:00Z,2025-11-23T18:00:00+00:00,NYJ,0.22850000000000004,0.11,0.11850000000000004,20,BAL,False,-20,AWAY,KXNFLGAME-25NOV23NYJBAL-NYJ
2025-11-23,PHI,DAL,401772890,2025-11-23T21:25Z,2025-11-23T21:25:00+00:00,,0.4456,0.41,0.03560000000000002,0.0,DAL,,0.0,HOME,KXNFLGAME-25NOV23PHIDAL-DAL
2025-11-23,PIT,CHI,401772780,2025-11-23T18:00Z,2025-11-23T18:00:00+00:00,,0.47409999999999997,0.43,0.04409999999999997,0.0,CHI,,0.0,AWAY,KXNFLGAME-25NOV23PITCHI-PIT
2025-11-23,SEA,TEN,401772886,2025-11-23T18:00Z,2025-11-23T18:00:00+00:00,TEN,0.2597,0.13,0.12969999999999998,20,SEA,False,-20,HOME,KXNFLGAME-25NOV23SEATEN-TEN
2025-11-27,CIN,BAL,401772930,2025-11-28T01:20Z,2025-11-28T01:20:00+00:00,CIN,0.35450000000000004,0.23,0.12450000000000003,20,CIN,True,66.95652173913044,AWAY,KXNFLGAME-25NOV27CINBAL-CIN
2025-11-28,CHI,PHI,401772621,2025-11-28T20:00Z,2025-11-28T20:00:00+00:00,CHI,0.34009999999999996,0.25,0.09009999999999996,18,CHI,True,54.0,AWAY,KXNFLGAME-25NOV28CHIPHI-CHI
2025-11-30,ATL,NYJ,401772893,2025-11-30T18:00Z,2025-11-30T18:00:00+00:00,,0.41,0.41,0.0,0.0,NYJ,,0.0,HOME,KXNFLGAME-25NOV30ATLNYJ-NYJ
2025-11-30,BUF,PIT,401772789,2025-11-30T21:25Z,2025-11-30T21:25:00+00:00,,0.4199,0.39,0.029899999999999982,0.0,BUF,,0.0,HOME,KXNFLGAME-25NOV30BUFPIT-PIT
2025-11-30,DEN,WAS,401772931,2025-12-01T01:20Z,2025-12-01T01:20:00+00:00,WAS,0.3906,0.29,0.10060000000000002,20,DEN,False,-20,HOME,KXNFLGAME-25NOV30DENWAS-WAS
2025-11-30,HOU,IND,401772787,2025-11-30T18:00Z,2025-11-30T18:00:00+00:00,IND,0.6763,0.6,0.07630000000000003,15,HOU,False,-15,HOME,KXNFLGAME-25NOV30HOUIND-IND
2025-11-30,JAC,TEN,401772786,2025-11-30T18:00Z,2025-11-30T18:00:00+00:00,,0.2957,0.29,0.005700000000000038,0.0,JAC,,0.0,HOME,KXNFLGAME-25NOV30JACTEN-TEN
2025-11-30,MIN,SEA,401772896,2025-11-30T21:05Z,2025-11-30T21:05:00+00:00,MIN,0.31930000000000003,0.15,0.16930000000000003,20,SEA,False,-20,AWAY,KXNFLGAME-25NOV30MINSEA-MIN
2025-12-04,DAL,DET,401772947,2025-12-05T01:15Z,2025-12-05T01:15:00+00:00,,0.6444,0.64,0.0043999999999999595,0.0,DET,,0.0,HOME,KXNFLGAME-25DEC04DALDET-DET
2025-12-07,CIN,BUF,401772902,2025-12-07T18:00Z,2025-12-07T18:00:00+00:00,CIN,0.3952,0.29,0.10520000000000002,20,BUF,False,-20,AWAY,KXNFLGAME-25DEC07CINBUF-CIN
2025-12-07,IND,JAC,401772793,2025-12-07T18:00Z,2025-12-07T18:00:00+00:00,,0.4701,0.44,0.030100000000000016,0.0,JAC,,0.0,HOME,KXNFLGAME-25DEC07INDJAC-JAC
2025-12-07,MIA,NYJ,401772790,2025-12-07T18:00Z,2025-12-07T18:00:00+00:00,,0.5720000000000001,0.57,0.002000000000000113,0.0,MIA,,0.0,AWAY,KXNFLGAME-25DEC07MIANYJ-MIA
2025-12-07,PIT,BAL,401772791,2025-12-07T18:00Z,2025-12-07T18:00:00+00:00,,0.32030000000000003,0.3,0.02030000000000004,0.0,PIT,,0.0,AWAY,KXNFLGAME-25DEC07PITBAL-PIT
2025-12-07,SEA,ATL,401772900,2025-12-07T18:00Z,2025-12-07T18:00:00+00:00,ATL,0.4026,0.27,0.1326,20,SEA,False,-20,HOME,KXNFLGAME-25DEC07SEAATL-ATL
2025-12-07,TEN,CLE,401772898,2025-12-07T18:00Z,2025-12-07T18:00:00+00:00,TEN,0.5197,0.36,0.15970000000000006,20,TEN,True,35.55555555555556,AWAY,KXNFLGAME-25DEC07TENCLE-TEN
2025-12-07,WAS,MIN,401772899,2025-12-07T18:00Z,2025-12-07T18:00:00+00:00,,0.5325,0.49,0.04249999999999998,0.0,MIN,,0.0,AWAY,KXNFLGAME-25DEC07WASMIN-WAS
2025-12-08,PHI,LAC,401772822,2025-12-09T01:15Z,2025-12-09T01:15:00+00:00,PHI,0.6189,0.52,0.09889999999999999,20,LAC,False,-20,AWAY,KXNFLGAME-25DEC08PHILAC-PHI
2025-12-14,ARI,HOU,401772903,2025-12-14T18:00Z,2025-12-14T18:00:00+00:00,ARI,0.24560000000000004,0.19,0.05560000000000004,11,HOU,False,-11,AWAY,KXNFLGAME-25DEC14ARIHOU-ARI
2025-12-14,BAL,CIN,401772796,2025-12-14T18:00Z,2025-12-14T18:00:00+00:00,CIN,0.4574,0.39,0.06739999999999996,13,BAL,False,-13,HOME,KXNFLGAME-25DEC14BALCIN-CIN
2025-12-14,CLE,CHI,401772904,2025-12-14T18:00Z,2025-12-14T18:00:00+00:00,,0.7613,0.76,0.0012999999999999678,0.0,CHI,,0.0,HOME,KXNFLGAME-25DEC14CLECHI-CHI
2025-12-14,IND,SEA,401772799,2025-12-14T21:25Z,2025-12-14T21:25:00+00:00,IND,0.30569999999999997,0.16,0.14569999999999997,20,SEA,False,-20,AWAY,KXNFLGAME-25DEC14INDSEA-IND
2025-12-14,MIN,DAL,401772933,2025-12-15T01:20Z,2025-12-15T01:20:00+00:00,MIN,0.41180000000000005,0.32,0.09180000000000005,18,MIN,True,38.25,AWAY,KXNFLGAME-25DEC14MINDAL-MIN
2025-12-14,NYJ,JAC,401772797,2025-12-14T18:00Z,2025-12-14T18:00:00+00:00,,0.8784,0.87,0.008399999999999963,0.0,JAC,,0.0,HOME,KXNFLGAME-25DEC14NYJJAC-JAC
2025-12-14,WAS,NYG,401772905,2025-12-14T18:00Z,2025-12-14T18:00:00+00:00,,0.4212,0.42,0.0012000000000000344,0.0,WAS,,0.0,AWAY,KXNFLGAME-25DEC14WASNYG-WAS
2025-12-15,MIA,PIT,401772823,2025-12-16T01:15Z,2025-12-16T01:15:00+00:00,MIA,0.43300000000000005,0.37,0.06300000000000006,13,PIT,False,-13,AWAY,KXNFLGAME-25DEC15MIAPIT-MIA
2025-12-20,PHI,WAS,401772612,2025-12-20T22:00Z,2025-12-20T22:00:00+00:00,WAS,0.413,0.25,0.16299999999999998,20,PHI,False,-20,HOME,KXNFLGAME-25DEC20PHIWAS-WAS
2025-12-21,ATL,ARI,401772914,2025-12-21T21:05Z,2025-12-21T21:05:00+00:00,ARI,0.5649,0.43,0.13489999999999996,20,ATL,False,-20,HOME,KXNFLGAME-25DEC21ATLARI-ARI
2025-12-21,BUF,CLE,401772802,2025-12-21T18:00Z,2025-12-21T18:00:00+00:00,,0.207,0.18,0.026999999999999996,0.0,BUF,,0.0,HOME,KXNFLGAME-25DEC21BUFCLE-CLE
2025-12-21,CIN,MIA,401772934,2025-12-21T18:00Z,2025-12-21T18:00:00+00:00,CIN,0.7242,0.65,0.07419999999999993,15,CIN,True,8.076923076923077,AWAY,KXNFLGAME-25DEC21CINMIA-CIN
2025-12-21,JAC,DEN,401772913,2025-12-21T21:05Z,2025-12-21T21:05:00+00:00,JAC,0.44889999999999997,0.38,0.06889999999999996,14,JAC,True,22.842105263157897,AWAY,KXNFLGAME-25DEC21JACDEN-JAC
2025-12-21,LAC,DAL,401772910,2025-12-21T18:00Z,2025-12-21T18:00:00+00:00,,0.49850000000000005,0.48,0.018500000000000072,0.0,LAC,,0.0,AWAY,KXNFLGAME-25DEC21LACDAL-LAC
2025-12-21,MIN,NYG,401772911,2025-12-21T18:00Z,2025-12-21T18:00:00+00:00,NYG,0.5102,0.44,0.07019999999999998,14,MIN,False,-14,HOME,KXNFLGAME-25DEC21MINNYG-NYG
2025-12-21,PIT,DET,401772806,2025-12-21T21:25Z,2025-12-21T21:25:00+00:00,PIT,0.3115,0.24,0.07150000000000001,14,PIT,True,44.333333333333336,AWAY,KXNFLGAME-25DEC21PITDET-PIT
2025-12-25,DAL,WAS,401772710,2025-12-25T18:00Z,2025-12-25T18:00:00+00:00,WAS,0.4136,0.21,0.20360000000000003,20,DAL,False,-20,HOME,KXNFLGAME-25DEC25DALWAS-WAS
2025-12-25,DET,MIN,401772711,2025-12-25T21:30Z,2025-12-25T21:30:00+00:00,,0.2654,0.25,0.015400000000000025,0.0,MIN,,0.0,HOME,KXNFLGAME-25DEC25DETMIN-MIN
2025-12-27,HOU,LAC,401772951,2025-12-27T21:30Z,2025-12-27T21:30:00+00:00,,0.48150000000000004,0.48,0.0015000000000000568,0.0,HOU,,0.0,AWAY,KXNFLGAME-25DEC27HOULAC-HOU
2025-12-28,ARI,CIN,401772954,2025-12-28T18:00Z,2025-12-28T18:00:00+00:00,ARI,0.32120000000000004,0.26,0.06120000000000003,12,CIN,False,-12,AWAY,KXNFLGAME-25DEC28ARICIN-ARI
2025-12-28,JAC,IND,401772915,2025-12-28T18:00Z,2025-12-28T18:00:00+00:00,IND,0.4791,0.34,0.1391,20,JAC,False,-20,HOME,KXNFLGAME-25DEC28JACIND-IND
2025-12-28,PHI,BUF,401772917,2025-12-28T21:25Z,2025-12-28T21:25:00+00:00,PHI,0.5306,0.39,0.14059999999999995,20,PHI,True,31.282051282051277,AWAY,KXNFLGAME-25DEC28PHIBUF-PHI
2025-12-28,PIT,CLE,401772807,2025-12-28T18:00Z,2025-12-28T18:00:00+00:00,,0.6974,0.67,0.02739999999999998,0.0,CLE,,0.0,AWAY,KXNFLGAME-25DEC28PITCLE-PIT
2025-12-28,SEA,CAR,401772952,2025-12-28T18:00Z,2025-12-28T18:00:00+00:00,CAR,0.3305,0.27,0.0605,12,SEA,False,-12,HOME,KXNFLGAME-25DEC28SEACAR-CAR
2026-01-04,BAL,PIT,401772960,2026-01-05T01:20Z,2026-01-05T01:20:00+00:00,PIT,0.4052,0.33,0.07519999999999999,15,PIT,True,30.45454545454545,HOME,KXNFLGAME-26JAN04BALPIT-PIT
2026-01-04,CLE,CIN,401772964,2026-01-04T18:00Z,2026-01-04T18:00:00+00:00,,0.8187,0.79,0.028699999999999948,0.0,CLE,,0.0,HOME,KXNFLGAME-26JAN04CLECIN-CIN
2026-01-04,DAL,NYG,401772963,2026-01-04T18:00Z,2026-01-04T18:00:00+00:00,NYG,0.5478,0.4,0.14779999999999993,20,NYG,True,30.0,HOME,KXNFLGAME-26JAN04DALNYG-NYG
2026-01-04,DET,CHI,401772965,2026-01-04T21:25Z,2026-01-04T21:25:00+00:00,DET,0.5795,0.4,0.1795,20,DET,True,30.0,AWAY,KXNFLGAME-26JAN04DETCHI-DET
2026-01-04,IND,HOU,401772962,2026-01-04T18:00Z,2026-01-04T18:00:00+00:00,IND,0.2901,0.19,0.10010000000000002,20,HOU,False,-20,AWAY,KXNFLGAME-26JAN04INDHOU-IND
2026-01-04,LAC,DEN,401772956,2026-01-04T21:25Z,2026-01-04T21:25:00+00:00,LAC,0.3174,0.12,0.19740000000000002,20,DEN,False,-20,AWAY,KXNFLGAME-26JAN04LACDEN-LAC
2026-01-04,NYJ,BUF,401772967,2026-01-04T21:25Z,2026-01-04T21:25:00+00:00,BUF,0.912,0.86,0.052000000000000046,10,BUF,True,1.627906976744186,HOME,KXNFLGAME-26JAN04NYJBUF-BUF
2026-01-04,TEN,JAC,401772970,2026-01-04T18:00Z,2026-01-04T18:00:00+00:00,TEN,0.21230000000000004,0.14,0.07230000000000003,14,JAC,False,-14,AWAY,KXNFLGAME-26JAN04TENJAC-TEN
2026-01-04,WAS,PHI,401772959,2026-01-04T21:25Z,2026-01-04T21:25:00+00:00,PHI,0.7481,0.63,0.11809999999999998,20,WAS,False,-20,HOME,KXNFLGAME-26JAN04WASPHI-PHI
2026-01-11,BUF,JAC,401772977,2026-01-11T18:00Z,2026-01-11T18:00:00+00:00,,0.4687,0.46,0.008699999999999986,0.0,BUF,,0.0,AWAY,KXNFLGAME-26JAN11BUFJAC-BUF
2026-01-12,HOU,PIT,401772976,2026-01-13T01:15Z,2026-01-13T01:15:00+00:00,,0.4582,0.41,0.04820000000000002,0.0,HOU,,0.0,HOME,KXNFLGAME-26JAN12HOUPIT-PIT
2026-01-17,BUF,DEN,401772982,2026-01-17T21:30Z,2026-01-17T21:30:00+00:00,,0.46709999999999996,0.47,-0.0029000000000000137,0.0,DEN,,0.0,AWAY,KXNFLGAME-26JAN17BUFDEN-BUF
